id,name,phone,email,account,pan
ASJ80SPW6GW,Audra Carson,1-264-687-0352,mattis.integer@yopmail.com,FO6116884518041823,4929 3339 7137 6754
QYO02IHJ4CT,Kay Williamson,1-787-963-4979,purus@yopmail.com,PT57840210615494726664675,402400 719129 6588
PKX71MDR7TX,Gillian Murphy,1-627-251-5194,porttitor@yopmail.com,IT843BYLFI44875750252552117,4716 954 72 4358
XMC46BJB8RT,Colorado Jimenez,1-415-145-8751,fermentum.arcu.vestibulum@yopmail.com,VG8427056277866684841906,4556 588 54 5963
KLY23XPY8BA,Chastity Guerra,1-646-481-4441,lobortis.mauris@yopmail.com,AD9175851667127713114456,4556 7458 2878 3744
RIS45QSH4NG,Jael Carrillo,1-472-535-5415,facilisis.vitae@yopmail.com,EE059582756304254654,4773 232 72 5616
PDH21WYL3QN,Blythe Stephenson,1-335-159-6027,nulla@yopmail.com,AD1206497281072432266616,448 54384 68939 489
RMO23FNM8ZE,Amena Wolf,1-725-866-2834,gravida@yopmail.com,CR2917545833581905225,448 54384 68939 456
UPQ74SZR4GJ,Demetria Ryan,1-511-607-4649,egestas.nunc@yopmail.com,SM2845136249030268713437679,453243 7233788158
JLR04AMT4SR,Leandra Price,1-152-343-1757,mauris.sit.amet@yopmail.com,MR3824242948672519374652858,4532 578 71 8480
CFN06GBY7EB,Tara Pope,1-768-544-2497,dictum@yopmail.com,RO17IOFQ6175932521592651,4929 626 22 8509
ZQX26APL1AT,Chastity Noel,1-333-729-7605,erat.eget.tincidunt@yopmail.com,EE474838816384877905,4024 007 16 8362
OLT25NPY3UK,Hollee Sargent,1-178-254-5330,in.faucibus.morbi@yopmail.com,AZ17058216782955788683679659,4929 626 22 8563
MCB21QLB4BY,Colette Parsons,1-448-743-1929,sollicitudin.a@yopmail.com,SA0421671746175831866731,4916 515 79 2528
MJK16RRR2OH,Olivia Ferrell,1-461-863-7435,massa.rutrum.magna@yopmail.com,KW2581816332272944658710411668,4929 527 42 8445
